,Spoint,date
0,956170,1501005600
1,970046,1501048800
2,967246,1501095600
3,987226,1501138800
4,985187,1501185600
5,993868,1501236000
6,1000823,1501275600
7,269139,1501322400
8,275312,1501326000
9,282487,1501333200
10,289338,1501340400
11,304501,1501344000
12,316426,1501351200
13,339045,1501354800
14,352377,1501362000
15,374388,1501365600
16,386456,1501369200
17,405158,1501376400
18,414813,1501383600
19,431472,1501387200
20,440300,1501390800
21,452313,1501398000
22,456630,1501405200
23,461539,1501408800
24,463798,1501416000
25,466438,1501419600
26,468598,1501426800
27,476730,1501430400
28,482879,1501434000
29,496780,1501441200
30,504320,1501444800
31,520668,1501452000
32,528655,1501455600
33,544190,1501462800
34,551877,1501470000
35,567762,1501473600
36,575344,1501477200
37,586731,1501484400
38,590159,1501491600
39,594354,1501495200
40,595666,1501502400
41,598586,1501506000
42,600995,1501513200
43,610447,1501516800
44,618565,1501524000
45,636387,1501527600
46,646543,1501534800
47,665157,1501538400
48,690135,1501545600
49,697691,1501556400
50,711801,1501560000
51,718454,1501567200
52,728249,1501570800
53,730443,1501578000
54,732902,1501581600
55,732887,1501588800
56,734478,1501599600
57,746366,1501610400
58,766272,1501621200
59,786002,1501632000
60,801987,1501642800
61,817076,1501653600
62,825853,1501668000
63,824783,1501675200
64,825698,1501686000
65,837119,1501696800
66,856392,1501707600
67,874839,1501722000
68,889361,1501729200
69,901287,1501740000
70,905756,1501754400
71,901947,1501765200
72,903629,1501776000
73,913553,1501786800
74,926570,1501797600
75,939007,1501808400
76,950404,1501819200
77,957960,1501830000
78,951980,1501844400
79,945235,1501855200
80,946742,1501866000
81,953092,1501876800
82,959956,1501887600
83,965791,1501898400
84,970523,1501909200
85,971759,1501927200
86,968461,1501934400
87,960541,1501945200
88,957997,1501956000
89,960323,1501966800
90,963754,1501977600
91,964895,1501988400
92,966875,1501999200
93,965331,1502013600
94,962251,1502020800
95,955132,1502031600
96,952625,1502042400
97,952965,1502053200
98,956226,1502064000
99,959265,1502074800
100,963492,1502085600
101,962099,1502100000
102,959328,1502107200
103,954834,1502118000
104,954480,1502128800
105,961919,1502139600
106,970170,1502150400
107,974757,1502161200
108,979776,1502172000
109,982875,1502182800
110,970370,1502204400
111,979139,1502226000
112,996144,1502247600
113,994169,1502272800
114,989912,1502294400
115,1005747,1502316000
116,1015852,1502337600
117,1011970,1502362800
118,1012931,1502384400
119,1028247,1502406000
120,1037646,1502427600
121,1028670,1502452800
122,1028562,1502474400
123,1039578,1502496000
124,1040299,1502517600
125,1024273,1502542800
126,1025950,1502564400
127,1029477,1502586000
128,1020727,1502614800
129,1005365,1502636400
130,1010801,1502658000
131,1013328,1502679600
132,1008785,1502704800
133,1000172,1502726400
134,1017342,1502748000
135,1027723,1502769600
136,1021556,1502794800
137,1014948,1502816400
138,1033561,1502838000
139,1043328,1502859600
140,1033657,1502884800
141,1032630,1502906400
142,1051981,1502928000
143,1062451,1502949600
144,1052067,1502974800
145,1062342,1502996400
146,1079792,1503018000
147,1085296,1503039600
148,1068189,1503064800
149,1079303,1503086400
150,1090585,1503108000
151,1080716,1503136800
152,1067553,1503154800
153,1073211,1503176400
154,1076792,1503198000
155,1065099,1503223200
156,1049963,1503241200
157,1052865,1503262800
158,1060663,1503284400
159,1054214,1503313200
160,1041330,1503331200
161,1056392,1503352800
162,1068571,1503374400
163,1061520,1503399600
164,1051008,1503417600
165,288946,1503439200
166,445152,1503471600
167,452813,1503478800
168,464185,1503482400
169,468186,1503486000
170,474599,1503493200
171,480357,1503500400
172,497030,1503504000
173,509528,1503507600
174,535727,1503514800
175,549250,1503522000
176,575579,1503525600
177,588294,1503529200
178,609800,1503536400
179,619737,1503543600
180,639916,1503547200
181,649036,1503550800
182,662026,1503558000
183,665715,1503565200
184,668944,1503568800
185,669409,1503572400
186,671590,1503579600
187,673105,1503586800
188,682976,1503590400
189,689719,1503594000
190,707114,1503601200
191,715622,1503608400
192,733978,1503612000
193,741820,1503619200
194,756855,1503622800
195,781723,1503640800
196,789781,1503644400
197,794339,1503655200
198,793357,1503658800
199,794248,1503666000
200,795219,1503669600
201,802656,1503676800
202,806681,1503680400
203,821495,1503687600
204,828176,1503694800
205,843526,1503698400
206,850147,1503702000
207,862873,1503712800
208,882628,1503723600
209,891231,1503738000
210,892467,1503748800
211,891912,1503759600
212,897268,1503770400
213,908370,1503781200
214,919524,1503792000
215,927607,1503802800
216,936526,1503813600
217,932775,1503828000
218,926803,1503838800
219,925345,1503849600
220,933332,1503860400
221,946197,1503871200
222,960047,1503882000
223,972606,1503892800
224,978310,1503903600
225,973624,1503918000
226,961826,1503928800
227,963401,1503939600
228,974539,1503950400
229,984290,1503961200
230,1000341,1503972000
231,1014631,1503982800
232,1018503,1504000800
233,1015014,1504008000
234,1007920,1504018800
235,1008622,1504029600
236,259655,1504040400
237,285936,1504051200
238,324979,1504054800
239,346028,1504062000
240,382104,1504065600
241,399923,1504072800
242,423304,1504076400
243,432019,1504083600
244,441028,1504087200
245,445303,1504090800
246,451781,1504098000
247,457686,1504105200
248,474193,1504108800
249,486607,1504116000
250,512053,1504119600
251,525576,1504126800
252,551070,1504130400
253,563493,1504134000
254,584455,1504141200
255,593803,1504148400
256,613447,1504152000
257,622314,1504155600
258,635296,1504162800
259,641885,1504173600
260,642369,1504177200
261,644774,1504184400
262,646394,1504188000
263,656244,1504195200
264,662940,1504198800
265,680526,1504206000
266,688273,1504213200
267,706294,1504216800
268,714456,1504220400
269,728119,1504227600
270,733922,1504231200
271,747247,1504238400
272,752818,1504245600
273,761938,1504249200
274,764149,1504256400
275,766416,1504260000
276,768563,1504267200
277,770074,1504278000
278,778904,1504281600
279,785566,1504288800
280,800854,1504292400
281,807922,1504299600
282,830957,1504310400
283,848702,1504321200
284,862430,1504332000
285,870213,1504346400
286,867730,1504357200
287,869697,1504368000
288,878626,1504378800
289,889817,1504389600
290,899296,1504400400
291,906624,1504411200
292,910708,1504422000
293,908916,1504436400
294,903698,1504447200
295,908285,1504458000
296,919329,1504468800
297,930884,1504479600
298,939617,1504490400
299,945379,1504501200
300,942602,1504519200
301,938140,1504526400
302,930612,1504537200
303,930026,1504548000
304,939116,1504558800
305,950316,1504569600
306,971348,1504580400
307,973726,1504591200
308,973971,1504605600
309,969122,1504612800
310,961021,1504627200
311,960249,1504634400
312,976982,1504645200
313,978910,1504656000
314,997599,1504670400
315,1000246,1504677600
316,1003434,1504692000
317,997175,1504702800
318,995051,1504713600
319,1001576,1504724400
320,1010892,1504735200
321,1018528,1504746000
322,1026543,1504756800
323,1032869,1504767600
324,1031772,1504782000
325,1027439,1504789200
326,1026592,1504800000
327,1033172,1504810800
328,1040545,1504821600
329,1046204,1504832400
330,1053990,1504843200
331,1057296,1504854000
332,1052188,1504868400
333,1047470,1504879200
334,1048083,1504890000
335,1053092,1504900800
336,147652,1504911600
337,170296,1504915200
338,204208,1504918800
339,221569,1504926000
340,249062,1504929600
341,264049,1504933200
342,284027,1504940400
343,303773,1504947600
344,309871,1504958400
345,317623,1504962000
346,325140,1504969200
347,339442,1504972800
348,351061,1504976400
349,385922,1504990800
350,407161,1504994400
351,419206,1505001600
352,437794,1505005200
353,447383,1505012400
354,464264,1505016000
355,484455,1505023200
356,494150,1505037600
357,496134,1505041200
358,498934,1505048400
359,501173,1505052000
360,508606,1505059200
361,514496,1505062800
362,527992,1505070000
363,535267,1505073600
364,551440,1505077200
365,560116,1505084400
366,575664,1505091600
367,584134,1505095200
368,600986,1505102400
369,609230,1505106000
370,620635,1505113200
371,628265,1505124000
372,629506,1505127600
373,632173,1505134800
374,634425,1505142000
375,643077,1505145600
376,650185,1505149200
377,667338,1505156400
378,694567,1505163600
379,703324,1505170800
380,725726,1505185200
381,746710,1505196000
382,760264,1505210400
383,760718,1505221200
384,767938,1505232000
385,785306,1505242800
386,805650,1505253600
387,822111,1505264400
388,837684,1505275200
389,849532,1505286000
390,851140,1505300400
391,851906,1505307600
392,858622,1505318400
393,875769,1505329200
394,894101,1505340000
395,909063,1505350800
396,920794,1505361600
397,928752,1505372400
398,924702,1505390400
399,920930,1505397600
400,925432,1505408400
401,934138,1505419200
402,950057,1505430000
403,961652,1505440800
404,971958,1505451600
405,973909,1505466000
406,965300,1505480400
407,961630,1505487600
408,962984,1505498400
409,968836,1505509200
410,982266,1505523600
411,982270,1505530800
412,987583,1505541600
413,986764,1505556000
414,979056,1505566800
415,974279,1505577600
416,975245,1505588400
417,977950,1505599200
418,979196,1505610000
419,981044,1505620800
420,982078,1505631600
421,975741,1505646000
422,968503,1505656800
423,964334,1505667600
424,965440,1505678400
425,968834,1505689200
426,971680,1505700000
427,976942,1505710800
428,976131,1505728800
429,970338,1505739600
430,968063,1505750400
431,972385,1505761200
432,978984,1505772000
433,988172,1505793600
434,986470,1505818800
435,980048,1505836800
436,991628,1505858400
437,999638,1505880000
438,993735,1505905200
439,999996,1505934000
440,1017601,1505966400
441,1009747,1505998800
442,1018595,1506020400
443,1030539,1506042000
444,1032639,1506063600
445,1018211,1506088800
446,1026641,1506110400
447,1032401,1506132000
448,1025695,1506157200
449,1012391,1506182400
450,1014333,1506200400
451,1015176,1506225600
452,1004627,1506250800
453,992804,1506268800
454,998648,1506290400
455,1002470,1506312000
456,993805,1506333600
457,983745,1506355200
458,998165,1506376800
459,1006449,1506398400
460,993318,1506423600
461,989756,1506445200
462,1004574,1506466800
463,1012554,1506488400
464,999131,1506513600
465,185022,1506535200
466,206944,1506542400
467,245094,1506549600
468,264232,1506556800
469,293881,1506560400
470,337729,1506567600
471,371153,1506582000
472,379119,1506589200
473,387568,1506592800
474,392817,1506596400
475,399668,1506603600
476,405924,1506607200
477,421233,1506614400
478,432306,1506618000
479,454979,1506625200
480,107878,1506628800
481,135580,1506636000
482,154658,1506639600
483,184955,1506646800
484,199097,1506650400
485,226750,1506657600
486,239763,1506661200
487,258230,1506668400
488,271045,1506679200
489,273287,1506682800
490,278578,1506690000
491,283057,1506693600
492,298340,1506700800
493,309163,1506704400
494,332926,1506711600
495,366827,1506718800
496,376942,1506726000
497,394240,1506733200
498,401230,1506736800
499,415470,1506740400
500,421465,1506747600
501,431311,1506754800
502,437757,1506765600
503,438651,1506769200
504,441127,1506776400
505,443219,1506780000
506,452229,1506787200
507,459030,1506790800
508,474564,1506798000
509,482631,1506801600
510,499187,1506808800
511,506964,1506812400
512,521240,1506816000
513,527616,1506823200
514,118968,1506830400
515,133992,1506834000
516,154848,1506841200
517,172401,1506848400
518,183512,1506859200
519,189233,1506866400
520,204366,1506870000
521,216956,1506880800
522,239988,1506884400
523,252845,1506888000
524,278467,1506895200
525,291668,1506898800
526,316162,1506906000
527,328702,1506913200
528,353913,1506916800
529,365668,1506920400
530,382470,1506927600
531,394023,1506938400
532,396665,1506942000
533,400493,1506949200
534,403918,1506956400
535,415938,1506960000
536,425278,1506967200
537,446133,1506970800
538,456815,1506974400
539,478306,1506981600
540,487719,1506985200
541,505131,1506992400
542,512756,1506999600
543,529791,1507003200
544,537079,1507006800
545,546906,1507014000
546,551476,1507021200
547,550825,1507028400
548,552103,1507035600
549,553046,1507042800
550,561430,1507046400
551,567383,1507050000
552,582533,1507057200
553,591671,1507060800
554,608604,1507068000
555,615412,1507071600
556,628459,1507078800
557,633303,1507082400
558,646719,1507089600
559,652002,1507093200
560,661575,1507111200
561,661345,1507122000
562,669772,1507136400
563,689465,1507143600
564,709887,1507154400
565,728282,1507165200
566,744810,1507176000
567,755820,1507186800
568,755570,1507201200
569,753481,1507212000
570,760090,1507222800
571,772131,1507233600
572,138944,1507244400
573,170122,1507251600
574,186372,1507255200
575,214978,1507258800
576,230008,1507266000
577,249067,1507273200
578,265228,1507284000
579,270310,1507287600
580,277700,1507294800
581,283915,1507298400
582,300256,1507305600
583,312247,1507312800
584,336475,1507316400
585,371182,1507323600
586,382346,1507330800
587,399627,1507338000
588,407317,1507341600
589,421032,1507348800
590,427509,1507356000
591,437068,1507359600
592,442970,1507370400
593,443646,1507374000
594,445552,1507381200
595,447025,1507384800
596,454892,1507392000
597,460419,1507395600
598,474091,1507402800
599,480907,1507406400
600,495248,1507413600
601,501932,1507417200
602,514761,1507424400
603,520491,1507428000
604,532287,1507435200
605,537894,1507438800
606,546554,1507446000
607,552578,1507456800
608,553509,1507464000
609,555398,1507467600
610,556572,1507474800
611,562266,1507478400
612,566302,1507482000
613,577515,1507489200
614,582517,1507492800
615,594684,1507500000
616,599887,1507507200
617,611807,1507510800
618,130498,1507521600
619,148300,1507525200
620,171615,1507532400
621,179814,1507539600
622,188564,1507543200
623,200320,1507550400
624,206348,1507557600
625,224268,1507564800
626,238250,1507568400
627,267024,1507575600
628,282320,1507579200
629,310737,1507586400
630,324199,1507590000
631,346696,1507593600
632,357717,1507600800
633,379704,1507608000
634,390130,1507611600
635,404718,1507618800
636,414100,1507629600
637,416088,1507636800
638,420047,1507640400
639,423597,1507647600
640,435503,1507651200
641,444788,1507658400
642,113387,1507662000
643,133568,1507665600
644,168764,1507672800
645,185249,1507676400
646,78152,1507683600
647,101967,1507690800
648,110977,1507701600
649,125359,1507705200
650,138328,1507712400
651,140493,1507719600
652,146332,1507726800
653,151113,1507734000
654,169708,1507737600
655,183411,1507741200
656,212907,1507748400
657,227721,1507752000
658,256580,1507759200
659,269570,1507762800
660,291921,1507770000
661,302077,1507777200
662,323368,1507780800
663,331893,1507784400
664,344084,1507791600
665,346215,1507802400
666,343428,1507806000
667,342923,1507813200
668,341944,1507816800
669,349724,1507824000
670,354391,1507831200
671,371247,1507834800
672,377065,1507842000
673,393763,1507845600
674,399428,1507849200
675,412775,1507856400
676,416761,1507860000
677,429956,1507870800
678,433797,1507874400
679,440907,1507878000
680,440165,1507885200
681,441007,1507888800
682,439449,1507896000
683,440328,1507903200
684,441008,1507906800
685,450135,1507910400
686,456573,1507914000
687,473640,1507917600
688,481061,1507924800
689,498353,1507932000
690,524445,1507946400
691,539944,1507957200
692,548341,1507975200
693,546440,1507986000
694,549028,1507996800
695,108467,1508007600
696,125259,1508014800
697,155080,1508018400
698,170051,1508025600
699,194937,1508029200
700,207233,1508032800
701,229506,1508040000
702,240526,1508047200
703,256130,1508050800
704,267617,1508061600
705,269763,1508065200
706,273464,1508072400
707,286010,1508079600
708,293478,1508086800
709,311039,1508094000
710,319753,1508097600
711,339314,1508101200
712,348276,1508108400
713,366942,1508115600
714,375232,1508119200
715,395015,1508122800
716,403056,1508130000
717,414561,1508137200
718,419710,1508148000
719,419146,1508155200
720,420810,1508158800
721,421991,1508162400
722,431878,1508169600
723,439250,1508173200
724,458115,1508180400
725,467412,1508184000
726,486701,1508191200
727,495920,1508194800
728,512031,1508202000
729,519488,1508205600
730,535857,1508212800
731,542308,1508216400
732,552429,1508223600
733,559460,1508230800
734,561104,1508241600
735,562077,1508248800
736,569697,1508256000
737,574848,1508263200
738,588909,1508266800
739,595129,1508274000
740,626515,1508284800
741,630599,1508295600
742,644988,1508306400
743,650232,1508324400
744,645469,1508335200
745,655091,1508346000
746,672614,1508356800
747,691216,1508367600
748,706268,1508382000
749,717459,1508389200
750,724652,1508407200
751,722423,1508414400
752,721182,1508428800
753,722088,1508436000
754,731813,1508446800
755,742382,1508457600
756,755654,1508472000
757,757546,1508479200
758,759185,1508497200
759,758725,1508508000
760,762259,1508518800
761,768892,1508529600
762,778989,1508540400
763,782456,1508551200
764,784035,1508562000
765,780776,1508576400
766,774446,1508587200
767,769799,1508598000
768,778948,1508608800
769,779653,1508619600
770,785365,1508630400
771,787185,1508641200
772,788380,1508652000
773,775980,1508673600
774,767353,1508684400
775,766859,1508695200
776,781365,1508709600
777,782719,1508716800
778,795610,1508727600
779,794995,1508738400
780,784607,1508756400
781,780358,1508763600
782,777466,1508774400
783,784977,1508785200
784,798090,1508796000
785,809968,1508806800
786,818962,1508817600
787,821603,1508828400
788,805560,1508850000
789,94046,1508857200
790,120599,1508860800
791,177638,1508868000
792,197631,1508875200
793,231928,1508882400
794,247929,1508886000
795,276386,1508893200
796,291349,1508896800
797,316551,1508904000
798,328010,1508911200
799,347146,1508914800
800,354511,1508922000
801,361381,1508925600
802,364929,1508932800
803,370219,1508936400
804,374744,1508943600
805,388439,1508947200
806,398211,1508954400
807,418923,1508958000
808,429095,1508961600
809,449426,1508968800
810,106850,1508972400
811,130498,1508979600
812,145747,1508986800
813,172763,1508990400
814,187646,1508997600
815,213031,1509008400
816,221571,1509015600
817,226260,1509022800
818,245185,1509033600
819,255486,1509037200
820,278593,1509044400
821,312734,1509051600
822,321797,1509058800
823,340204,1509066000
824,347751,1509076800
825,373064,1509080400
826,384837,1509087600
827,388097,1509094800
828,393697,1509102000
829,397328,1509109200
830,400263,1509112800
831,411170,1509120000
832,419041,1509127200
833,437119,1509130800
834,444922,1509134400
835,462733,1509141600
836,470236,1509148800
837,482423,1509152400
838,487048,1509159600
839,497442,1509163200
840,501030,1509166800
841,506862,1509174000
842,507935,1509184800
843,506247,1509188400
844,506218,1509195600
845,510131,1509202800
846,512980,1509213600
847,523483,1509217200
848,527424,1509220800
849,538295,1509228000
850,551553,1509238800
851,562940,1509249600
852,570758,1509260400
853,571531,1509274800
854,570431,1509289200
855,578164,1509296400
856,593707,1509307200
857,611935,1509318000
858,629289,1509328800
859,646179,1509339600
860,652739,1509357600
861,649292,1509368400
862,651212,1509382800
863,663817,1509390000
864,678495,1509400800
865,690675,1509411600
866,701389,1509426000
867,710741,1509433200
868,711058,1509447600
869,711812,1509458400
870,722089,1509469200
871,736070,1509480000
872,748661,1509490800
873,755720,1509501600
874,761819,1509512400
875,761285,1509534000
876,757283,1509541200
877,760500,1509552000
878,773225,1509562800
879,788297,1509573600
880,801204,1509584400
881,808937,1509595200
882,811037,1509613200
883,805803,1509624000
884,799030,1509634800
885,800096,1509645600
886,134239,1509660000
887,186565,1509667200
888,201339,1509674400
889,226467,1509678000
890,239397,1509685200
891,267346,1509692400
892,283695,1509703200
893,288663,1509710400
894,294555,1509714000
895,301623,1509717600
896,327874,1509728400
897,350428,1509732000
898,364721,1509739200
899,382733,1509746400
900,383874,1509753600
901,404556,1509757200
902,411594,1509760800
903,425724,1509768000
904,431557,1509775200
905,443451,1509778800
906,446235,1509786000
907,449673,1509789600
908,450200,1509793200
909,451935,1509800400
910,453284,1509804000
911,465601,1509814800
912,485537,1509825600
913,499766,1509832800
914,506409,1509836400
915,519059,1509843600
916,524626,1509847200
917,536875,1509850800
918,542114,1509858000
919,551108,1509865200
920,557170,1509876000
921,558059,1509879600
922,559884,1509886800
923,561184,1509894000
924,567249,1509897600
925,571925,1509901200
926,583973,1509908400
927,590032,1509912000
928,110120,1509919200
929,129024,1509922800
930,161654,1509930000
931,177568,1509933600
932,208990,1509940800
933,74827,1509944400
934,87118,1509951600
935,92699,1509955200
936,99217,1509962400
937,103082,1509966000
938,109438,1509973200
939,115154,1509976800
940,132096,1509984000
941,146391,1509987600
942,179459,1509991200
943,196422,1509998400
944,219516,1510005600
945,242968,1510009200
946,271390,1510016400
947,282784,1510020000
948,305518,1510027200
949,315109,1510030800
950,332865,1510034400
951,335742,1510041600
952,336346,1510056000
953,334394,1510063200
954,340934,1510070400
955,345327,1510074000
956,363530,1510081200
957,370442,1510084800
958,389123,1510092000
959,396252,1510095600
960,413517,1510102800
961,418624,1510106400
962,431936,1510113600
963,438556,1510117200
964,449718,1510128000
965,452734,1510135200
966,451029,1510138800
967,450639,1510146000
968,450412,1510149600
969,456808,1510156800
970,462319,1510160400
971,479680,1510164000
972,486977,1510174800
973,506192,1510178400
974,514855,1510182000
975,531353,1510189200
976,537765,1510192800
977,552227,1510200000
978,559256,1510203600
979,577404,1510221600
980,577396,1510232400
981,581521,1510243200
982,598077,1510254000
983,616019,1510264800
984,632044,1510275600
985,643531,1510286400
986,654072,1510297200
987,653163,1510315200
988,649981,1510326000
989,655693,1510336800
990,671757,1510347600
991,699278,1510362000
992,701067,1510372800
993,720982,1510383600
994,718157,1510405200
995,715704,1510416000
996,721229,1510426800
997,729038,1510437600
998,735927,1510448400
999,740754,1510459200
1000,745946,1510470000
1001,742914,1510484400
1002,740273,1510495200
1003,742576,1510509600
1004,749756,1510520400
1005,101802,1510531200
1006,135535,1510534800
1007,153739,1510538400
1008,188042,1510545600
1009,206144,1510549200
1010,232716,1510556400
1011,242174,1510560000
1012,257219,1510570800
1013,263067,1510578000
1014,267824,1510581600
1015,279975,1510588800
1016,290844,1510592400
1017,316424,1510599600
1018,330396,1510606800
1019,356541,1510610400
1020,368611,1510614000
1021,391558,1510621200
1022,400833,1510624800
1023,418052,1510632000
1024,428068,1510635600
1025,442533,1510642800
1026,446878,1510646400
1027,453530,1510657200
1028,455414,1510664400
1029,456396,1510668000
1030,463751,1510675200
1031,470021,1510678800
1032,487485,1510686000
1033,496350,1510689600
1034,514470,1510700400
1035,523307,1510704000
1036,540149,1510707600
1037,546973,1510711200
1038,562581,1510718400
1039,570439,1510722000
1040,583399,1510729200
1041,587426,1510732800
1042,595446,1510747200
1043,603278,1510758000
1044,607985,1510768800
1045,622212,1510772400
1046,627575,1510776000
1047,643607,1510783200
1048,649114,1510786800
1049,674109,1510804800
1050,157453,1510815600
1051,180211,1510826400
1052,187585,1510833600
1053,68295,1510844400
1054,75649,1510848000
1055,94168,1510855200
1056,106953,1510858800
1057,139179,1510866000
1058,154780,1510869600
1059,184445,1510876800
1060,196520,1510880400
1061,219206,1510891200
1062,228774,1510894800
1063,250083,1510898400
1064,255893,1510905600
1065,265170,1510916400
1066,264199,1510923600
1067,268612,1510930800
1068,289240,1510941600
1069,297765,1510945200
1070,317709,1510952400
1071,325854,1510956000
1072,344328,1510963200
1073,349873,1510966800
1074,363224,1510974000
1075,368474,1510977600
1076,379910,1510988400
1077,385350,1510992000
1078,392538,1510999200
1079,394604,1511002800
1080,399004,1511013600
1081,414743,1511024400
1082,422283,1511031600
1083,438271,1511035200
1084,445173,1511042400
1085,459337,1511049600
1086,476033,1511056800
1087,480709,1511064000
1088,491117,1511071200
1089,494077,1511074800
1090,496535,1511092800
1091,494390,1511100000
1092,494804,1511103600
1093,503595,1511114400
1094,519934,1511125200
1095,67959,1511139600
1096,82384,1511146800
1097,91455,1511150400
1098,108582,1511157600
1099,116019,1511161200
1100,127555,1511164800
1101,131288,1511172000
1102,135758,1511175600
1103,146227,1511190000
1104,153297,1511193600
1105,177979,1511200800
1106,192563,1511204400
1107,221647,1511211600
1108,235333,1511215200
1109,260669,1511222400
1110,272760,1511226000
1111,293117,1511236800
1112,303244,1511240400
1113,321008,1511244000
1114,328021,1511247600
1115,334330,1511262000
1116,331152,1511269200
1117,332887,1511272800
1118,333702,1511280000
1119,351367,1511290800
1120,366995,1511298000
1121,371985,1511301600
1122,385163,1511308800
1123,389759,1511316000
1124,399244,1511319600
1125,402913,1511326800
1126,415532,1511334000
1127,417438,1511337600
1128,419423,1511344800
1129,419024,1511352000
1130,417343,1511355600
1131,420010,1511362800
1132,421820,1511370000
1133,434334,1511373600
1134,441672,1511380800
1135,457075,1511384400
1136,464079,1511388000
1137,478741,1511395200
1138,484445,1511398800
1139,501167,1511409600
1140,519566,1511424000
1141,518579,1511445600
1142,525869,1511456400
1143,529062,1511467200
1144,545211,1511481600
1145,546257,1511488800
1146,562566,1511499600
1147,564196,1511510400
1148,566482,1511528400
1149,566798,1511535600
1150,580840,1511546400
1151,605011,1511557200
1152,634688,1511571600
1153,648098,1511578800
1154,665431,1511589600
1155,669226,1511607600
1156,665010,1511618400
1157,664130,1511629200
1158,672446,1511640000
1159,683738,1511650800
1160,701856,1511661600
1161,704320,1511672400
1162,718249,1511683200
1163,717395,1511697600
1164,715405,1511712000
1165,719905,1511719200
1166,145558,1511730000
1167,165096,1511733600
1168,200314,1511740800
1169,218756,1511744400
1170,251874,1511755200
1171,269667,1511758800
1172,300655,1511762400
1173,312977,1511766000
1174,327885,1511769600
1175,338826,1511787600
1176,352468,1511794800
1177,362315,1511798400
1178,391662,1511805600
1179,408678,1511809200
1180,441726,1511812800
1181,458275,1511820000
1182,488937,1511827200
1183,501270,1511830800
1184,527464,1511834400
1185,541437,1511841600
1186,571744,1511845200
1187,582163,1511852400
1188,593638,1511856000
1189,594334,1511866800
1190,595371,1511870400
1191,594468,1511874000
1192,596668,1511881200
1193,598558,1511884800
1194,610848,1511892000
1195,617241,1511895600
1196,633038,1511902800
1197,655706,1511913600
1198,661525,1511917200
1199,674466,1511924400
1200,680432,1511928000
1201,694545,1511935200
1202,699271,1511942400
1203,706522,1511953200
1204,708283,1511956800
1205,708343,1511964000
1206,711467,1511967600
1207,714052,1511971200
1208,725285,1511974800
1209,730687,1511982000
1210,743849,1511989200
1211,748049,1511992800
1212,759468,1512003600
1213,772149,1512014400
1214,779953,1512025200
1215,774660,1512039600
1216,769977,1512050400
1217,772286,1512061200
1218,772965,1512072000
1219,792116,1512082800
1220,794087,1512093600
1221,804774,1512104400
1222,820289,1512115200
1223,815474,1512133200
1224,814350,1512144000
1225,823446,1512154800
1226,832603,1512165600
1227,843685,1512176400
1228,849385,1512187200
1229,851633,1512198000
1230,849739,1512212400
1231,843988,1512223200
1232,843902,1512234000
1233,853050,1512244800
1234,863392,1512255600
1235,875777,1512266400
1236,880326,1512277200
1237,874032,1512295200
1238,865321,1512306000
1239,860504,1512316800
1240,119672,1512327600
1241,158514,1512334800
1242,180255,1512338400
1243,219090,1512345600
1244,238826,1512349200
1245,273239,1512356400
1246,292543,1512360000
1247,326494,1512363600
1248,340399,1512370800
1249,361249,1512381600
1250,366925,1512388800
1251,370566,1512392400
1252,379105,1512399600
1253,387175,1512403200
1254,409021,1512406800
1255,423075,1512414000
1256,450131,1512421200
1257,463680,1512424800
1258,488972,1512432000
1259,499863,1512435600
1260,520662,1512442800
1261,531337,1512446400
1262,552335,1512450000
1263,559391,1512457200
1264,568982,1512471600
1265,570622,1512475200
1266,570377,1512478800
1267,574173,1512486000
1268,592501,1512496800
1269,600523,1512500400
1270,619043,1512507600
1271,644516,1512518400
1272,650799,1512525600
1273,667041,1512529200
1274,690835,1512540000
1275,696487,1512543600
1276,704993,1512554400
1277,707015,1512561600
1278,707408,1512565200
1279,711496,1512572400
1280,728777,1512579600
1281,736834,1512586800
1282,753783,1512594000
1283,777235,1512604800
1284,796293,1512615600
1285,814341,1512626400
1286,819600,1512644400
1287,815352,1512651600
1288,815844,1512662400
1289,829015,1512673200
1290,844887,1512684000
1291,858866,1512694800
1292,867226,1512705600
1293,882436,1512716400
1294,885881,1512730800
1295,884671,1512738000
1296,887327,1512748800
1297,899871,1512759600
1298,912769,1512770400
1299,924372,1512781200
1300,929939,1512792000
1301,933372,1512802800
1302,191046,1512820800
1303,198653,1512828000
1304,211919,1512831600
1305,224948,1512835200
1306,255118,1512842400
1307,275438,1512849600
1308,311771,1512853200
1309,331493,1512856800
1310,364355,1512864000
1311,380360,1512867600
1312,405619,1512874800
1313,419012,1512878400
1314,441048,1512885600
1315,449386,1512889200
1316,469187,1512903600
1317,474534,1512907200
1318,477872,1512910800
1319,484132,1512918000
1320,490326,1512921600
1321,506628,1512928800
1322,517675,1512932400
1323,533718,1512939600
1324,551555,1512943200
1325,574175,1512946800
1326,585585,1512954000
1327,606180,1512961200
1328,617184,1512964800
1329,638603,1512972000
1330,646125,1512975600
1331,656241,1512990000
1332,657932,1512993600
1333,657497,1512997200
1334,660716,1513004400
1335,663195,1513008000
1336,677118,1513015200
1337,685253,1513018800
1338,704144,1513026000
1339,712003,1513033200
1340,729643,1513036800
1341,736357,1513040400
1342,750565,1513047600
1343,773829,1513054800
1344,778649,1513062000
1345,784907,1513072800
1346,784961,1513080000
1347,783503,1513083600
1348,786976,1513094400
1349,205082,1513105200
1350,250720,1513112400
1351,313711,1513123200
1352,331705,1513126800
1353,362393,1513130400
1354,379259,1513137600
1355,410310,1513144800
1356,422793,1513148400
1357,441295,1513162800
1358,446143,1513166400
1359,448653,1513170000
1360,455795,1513173600
1361,462356,1513180800
1362,482427,1513188000
1363,494439,1513191600
1364,519230,1513198800
1365,552596,1513206000
1366,561190,1513213200
1367,577292,1513224000
1368,597669,1513227600
1369,604871,1513234800
1370,613962,1513238400
1371,614560,1513245600
1372,615713,1513252800
1373,614772,1513260000
1374,620627,1513267200
1375,634956,1513274400
1376,642777,1513278000
1377,669377,1513288800
1378,676372,1513292400
1379,683655,1513299600
1380,697519,1513303200
1381,703128,1513306800
1382,718348,1513314000
1383,725016,1513317600
1384,735440,1513324800
1385,740709,1513335600
1386,740888,1513339200
1387,743359,1513346400
1388,756120,1513353600
1389,763510,1513360800
1390,788154,1513375200
1391,810091,1513386000
1392,836437,1513396800
1393,839229,1513407600
1394,844232,1513422000
1395,839313,1513432800
1396,841448,1513447200
1397,854196,1513454400
1398,868706,1513465200
1399,880691,1513476000
1400,890762,1513490400
1401,898543,1513497600
1402,897982,1513515600
1403,896325,1513526400
1404,910054,1513537200
1405,912065,1513548000
1406,922274,1513558800
1407,930930,1513569600
1408,946351,1513584000
1409,941649,1513594800
1410,934624,1513605600
1411,935622,1513616400
1412,949469,1513627200
1413,965796,1513638000
1414,977585,1513648800
1415,986522,1513659600
1416,984348,1513684800
1417,975706,1513695600
1418,971937,1513706400
1419,979345,1513717200
1420,992139,1513728000
1421,1001101,1513738800
1422,1009591,1513749600
1423,1009525,1513764000
1424,1001769,1513774800
1425,998136,1513807200
1426,1005755,1513818000
1427,1011778,1513828800
1428,1018626,1513839600
1429,1017391,1513854000
1430,1008678,1513868400
1431,1004292,1513875600
1432,1006131,1513886400
1433,1008275,1513897200
1434,1008444,1513911600
1435,1009197,1513918800
1436,1010353,1513929600
1437,1005264,1513944000
1438,991062,1513954800
1439,989271,1513965600
1440,987497,1513976400
1441,979792,1513998000
1442,972377,1514030400
1443,955112,1514052000
1444,946639,1514070000
1445,937649,1514095200
1446,923472,1514116800
1447,908256,1514138400
1448,898203,1514160000
1449,885432,1514181600
1450,869986,1514210400
1451,860256,1514235600
1452,856436,1514253600
1453,849386,1514282400
1454,837566,1514300400
1455,842206,1514322000
1456,853090,1514343600
1457,855086,1514376000
1458,850002,1514394000
1459,867212,1514415600
1460,880117,1514440800
1461,877088,1514462400
1462,878164,1514484000
1463,898363,1514505600
1464,911606,1514527200
1465,911269,1514559600
1466,923767,1514577600
1467,942272,1514602800
1468,950107,1514620800
1469,939827,1514646000
1470,949223,1514667600
1471,961179,1514689200
1472,957711,1514718000
1473,947451,1514743200
1474,958259,1514761200
1475,961371,1514786400
1476,950867,1514808000
1477,937381,1514829600
1478,952074,1514851200
1479,962275,1514872800
1480,948538,1514901600
1481,956035,1514926800
1482,978943,1514944800
1483,983528,1514973600
1484,969560,1514995200
1485,993587,1515020400
1486,1007241,1515038400
1487,1004714,1515067200
1488,1000069,1515088800
1489,1024705,1515110400
1490,1039840,1515132000
1491,1029629,1515157200
1492,1032539,1515178800
1493,1055859,1515200400
1494,1064179,1515222000
1495,1045662,1515254400
1496,1054664,1515276000
1497,1066177,1515297600
1498,1055492,1515322800
1499,1041876,1515348000
1500,1046569,1515366000
1501,1066793,1515391200
1502,1049482,1515416400
1503,1045023,1515438000
1504,1068037,1515459600
1505,1081264,1515481200
1506,1065489,1515506400
1507,1069843,1515528000
1508,1090776,1515549600
1509,1090716,1515578400
1510,1074631,1515603600
1511,1097890,1515628800
1512,1108868,1515646800
1513,1107061,1515672000
1514,1100154,1515693600
1515,1117307,1515718800
1516,1118882,1515762000
1517,1129876,1515805200
1518,1115767,1515852000
1519,1121194,1515895200
1520,1093136,1515945600
1521,1102606,1515988800
1522,1080025,1516039200
1523,1088793,1516078800
1524,1078115,1516125600
1525,1107613,1516168800
1526,1086270,1516215600
1527,1118052,1516258800
1528,1111069,1516316400
1529,1129927,1516363200
1530,208445,1516406400
1531,228830,1516410000
1532,258110,1516417200
1533,274347,1516424400
1534,298454,1516428000
1535,310654,1516435200
1536,333393,1516446000
1537,340056,1516449600
1538,346918,1516456800
1539,362543,1516464000
1540,393192,1516474800
1541,415692,1516482000
1542,437805,1516489200
1543,461496,1516500000
1544,478971,1516503600
1545,487942,1516510800
1546,503394,1516514400
1547,510431,1516521600
1548,519232,1516528800
1549,522278,1516532400
1550,525708,1516536000
1551,527657,1516539600
1552,531379,1516546800
1553,535218,1516554000
1554,541786,1516557600
1555,550795,1516561200
1556,566962,1516568400
1557,575715,1516575600
1558,593237,1516579200
1559,601448,1516582800
1560,618205,1516590000
1561,626703,1516597200
1562,649123,1516604400
1563,658538,1516615200
1564,661169,1516622400
1565,662174,1516629600
1566,665795,1516633200
1567,669361,1516640400
1568,681885,1516644000
1569,690346,1516651200
1570,708152,1516654800
1571,725935,1516662000
1572,734657,1516665600
1573,758635,1516676400
1574,781433,1516687200
1575,796483,1516705200
1576,798874,1516712400
1577,805797,1516723200
1578,816297,1516734000
1579,836956,1516744800
1580,857041,1516755600
1581,879285,1516766400
1582,889625,1516777200
1583,895709,1516798800
1584,895591,1516809600
1585,908963,1516824000
1586,937805,1516838400
1587,952586,1516849200
1588,967095,1516860000
1589,973990,1516874400
1590,973758,1516885200
1591,972264,1516896000
1592,978031,1516906800
1593,161239,1516917600
1594,201436,1516924800
1595,221603,1516932000
1596,252733,1516935600
1597,98174,1516939200
1598,114233,1516946400
1599,123097,1516953600
1600,134223,1516960800
1601,140371,1516964400
1602,148155,1516968000
1603,153431,1516975200
1604,164491,1516978800
1605,175123,1516986000
1606,202700,1516989600
1607,220511,1516996800
1608,252151,1517000400
1609,268336,1517007600
1610,296938,1517011200
1611,309723,1517018400
1612,330037,1517022000
1613,339780,1517029200
1614,356615,1517032800
1615,363385,1517040000
1616,372759,1517047200
1617,374120,1517054400
1618,372413,1517061600
1619,373953,1517068800
1620,374829,1517072400
1621,386043,1517079600
1622,392166,1517083200
1623,408854,1517086800
1624,415312,1517094000
1625,430711,1517097600
1626,436286,1517101200
1627,449138,1517108400
1628,453933,1517115600
1629,465616,1517119200
1630,468891,1517126400
1631,474492,1517133600
1632,475421,1517140800
1633,474453,1517148000
1634,476073,1517151600
1635,478013,1517158800
1636,487059,1517162400
1637,493131,1517169600
1638,508054,1517173200
1639,515710,1517180400
1640,532400,1517184000
1641,540353,1517187600
1642,556820,1517194800
1643,581205,1517205600
1644,597462,1517220000
1645,601279,1517230800
1646,605194,1517241600
1647,629945,1517252400
1648,647490,1517263200
1649,680287,1517274000
1650,719117,1517328000
1651,730011,1517338800
1652,748396,1517349600
1653,766276,1517360400
1654,781908,1517371200
1655,796416,1517382000
1656,804185,1517396400
1657,805278,1517403600
1658,806961,1517414400
1659,819074,1517425200
1660,836491,1517436000
1661,856301,1517446800
1662,864823,1517457600
1663,875089,1517468400
1664,875659,1517482800
1665,870489,1517490000
1666,869585,1517500800
1667,874249,1517511600
1668,887928,1517522400
1669,905153,1517533200
1670,910152,1517544000
1671,919769,1517554800
1672,917821,1517569200
1673,910867,1517580000
1674,906603,1517590800
1675,911814,1517601600
1676,919711,1517612400
1677,927379,1517623200
1678,932726,1517634000
1679,937596,1517644800
1680,933649,1517659200
1681,926800,1517670000
1682,924621,1517680800
1683,928006,1517691600
1684,931895,1517702400
1685,935058,1517713200
1686,938432,1517724000
1687,938524,1517738400
1688,934340,1517749200
1689,927831,1517760000
1690,925103,1517770800
1691,927972,1517781600
1692,931780,1517792400
1693,931710,1517803200
1694,932194,1517828400
1695,922560,1517846400
1696,931527,1517868000
1697,939821,1517889600
1698,938964,1517914800
1699,932606,1517932800
1700,931167,1517936400
1701,941841,1517958000
1702,951147,1517979600
1703,949298,1518004800
1704,950040,1518026400
1705,966977,1518048000
1706,975368,1518069600
1707,967378,1518094800
1708,969553,1518116400
1709,983984,1518138000
1710,988688,1518159600
1711,977287,1518184800
1712,981652,1518206400
1713,994277,1518228000
1714,993100,1518249600
1715,975718,1518274800
1716,982088,1518296400
1717,989340,1518318000
1718,979489,1518343200
1719,963976,1518364800
1720,972137,1518386400
1721,981741,1518408000
1722,976207,1518433200
1723,960680,1518454800
1724,974505,1518476400
1725,985547,1518498000
1726,976923,1518523200
1727,970309,1518544800
1728,984719,1518566400
1729,992028,1518588000
1730,979927,1518613200
1731,972462,1518634800
1732,985841,1518656400
1733,992679,1518678000
1734,977105,1518703200
1735,974485,1518724800
1736,989579,1518746400
1737,996095,1518768000
1738,978840,1518793200
1739,983033,1518814800
1740,992119,1518836400
1741,988596,1518861600
1742,970575,1518883200
1743,969209,1518904800
1744,978518,1518926400
1745,972663,1518951600
1746,958904,1518969600
1747,959122,1518991200
1748,969531,1519012800
1749,968392,1519038000
1750,956714,1519056000
1751,961834,1519077600
1752,978376,1519099200
1753,978739,1519124400
1754,967036,1519142400
1755,971338,1519164000
1756,984575,1519185600
1757,978687,1519210800
1758,968230,1519228800
1759,975848,1519250400
1760,991884,1519272000
1761,995079,1519297200
1762,983934,1519315200
1763,994998,1519336800
1764,1007341,1519358400
1765,1012193,1519383600
1766,1001681,1519401600
1767,1008169,1519423200
1768,1020080,1519444800
1769,1019662,1519470000
1770,1006400,1519488000
1771,1006386,1519509600
1772,1014650,1519531200
1773,1000265,1519578000
1774,1016790,1519621200
1775,1002944,1519668000
1776,1027129,1519711200
1777,1010952,1519754400
1778,1029998,1519797600
1779,1016704,1519844400
1780,1040256,1519887600
1781,163460,1519934400
1782,183775,1519938000
1783,219361,1519945200
1784,236473,1519952400
1785,265055,1519956000
1786,279688,1519963200
1787,305497,1519966800
1788,319157,1519974000
1789,336153,1519977600
1790,343471,1519984800
1791,351604,1519988400
1792,356406,1519995600
1793,363372,1519999200
1794,369606,1520006400
1795,385269,1520010000
1796,396889,1520017200
1797,419283,1520020800
1798,431367,1520024400
1799,452552,1520035200
1800,464120,1520042400
1801,480538,1520046000
1802,488986,1520049600
1803,502985,1520056800
1804,509490,1520060400
1805,521842,1520071200
1806,525833,1520074800
1807,527093,1520082000
1808,529516,1520085600
1809,531879,1520092800
1810,540100,1520096400
1811,546087,1520103600
1812,559896,1520107200
1813,566675,1520114400
1814,580062,1520118000
1815,586402,1520125200
1816,598885,1520128800
1817,604392,1520136000
1818,615745,1520139600
1819,620784,1520146800
1820,628470,1520150400
1821,630648,1520157600
1822,633587,1520161200
1823,634001,1520168400
1824,635614,1520172000
1825,637032,1520179200
1826,643191,1520182800
1827,647400,1520190000
1828,658222,1520193600
1829,676562,1520204400
1830,695198,1520215200
1831,713668,1520226000
1832,727250,1520236800
1833,732314,1520251200
1834,735492,1520262000
1835,744945,1520272800
1836,763923,1520283600
1837,783595,1520294400
1838,816528,1520316000
1839,823021,1520330400
1840,821560,1520337600
1841,820855,1520348400
1842,829042,1520359200
1843,842287,1520370000
1844,856249,1520380800
1845,859458,1520391600
1846,880130,1520402400
1847,886853,1520416800
1848,887328,1520427600
1849,887078,1520438400
1850,887333,1520449200
1851,904832,1520460000
1852,916318,1520470800
1853,924503,1520481600
1854,926374,1520492400
1855,933584,1520506800
1856,932901,1520514000
1857,929790,1520524800
1858,930879,1520535600
1859,957267,1520557200
1860,965359,1520568000
1861,970721,1520578800
1862,967879,1520593200
1863,961982,1520604000
1864,957778,1520614800
1865,963430,1520625600
1866,973937,1520636400
1867,981342,1520647200
1868,985447,1520658000
1869,984130,1520668800
1870,977407,1520683200
1871,969020,1520694000
1872,964923,1520704800
1873,968196,1520715600
1874,975236,1520726400
1875,980641,1520737200
1876,982560,1520748000
1877,979717,1520762400
1878,971333,1520773200
1879,963700,1520784000
1880,961538,1520794800
1881,966429,1520805600
1882,979905,1520827200
1883,978304,1520848800
1884,962234,1520870400
1885,971193,1520892000
1886,985799,1520913600
1887,984702,1520938800
1888,966730,1520960400
1889,983165,1520982000
1890,991578,1521003600
1891,986886,1521028800
1892,977534,1521050400
1893,984929,1521072000
1894,999176,1521093600
1895,993255,1521118800
1896,990580,1521140400
1897,1002601,1521162000
1898,1013671,1521183600
1899,1000252,1521208800
1900,999953,1521230400
1901,1010876,1521252000
1902,1013962,1521277200
1903,998987,1521298800
1904,993111,1521320400
1905,1000146,1521342000
1906,1002410,1521367200
1907,986510,1521388800
1908,984693,1521410400
1909,995138,1521432000
1910,993551,1521457200
1911,983338,1521478800
1912,990237,1521500400
1913,1002990,1521522000
1914,1000876,1521543600
1915,992857,1521565200
1916,1002231,1521586800
1917,1008757,1521608400
1918,1003611,1521633600
1919,995599,1521655200
1920,1006551,1521676800
1921,1018997,1521698400
1922,1019376,1521720000
1923,1014529,1521741600
1924,1023707,1521763200
1925,1028991,1521784800
1926,1029654,1521806400
1927,1024460,1521828000
1928,1031806,1521849600
1929,1035162,1521871200
1930,1031614,1521892800
1931,1018400,1521914400
1932,1019287,1521936000
1933,1023233,1521957600
1934,1019632,1521979200
1935,1006010,1522000800
1936,1005979,1522022400
1937,1012313,1522044000
1938,1013397,1522065600
1939,1002442,1522087200
1940,1006136,1522108800
1941,1014732,1522130400
1942,1013476,1522152000
1943,1001438,1522173600
1944,1013679,1522195200
1945,1016043,1522216800
1946,1015764,1522238400
1947,1009409,1522260000
1948,174897,1522281600
1949,205843,1522285200
1950,220950,1522292400
1951,246848,1522296000
1952,260986,1522303200
1953,284290,1522306800
1954,297089,1522314000
1955,305890,1522317600
1956,313222,1522324800
1957,317707,1522328400
1958,323959,1522332000
1959,334973,1522339200
1960,345072,1522346400
1961,365266,1522350000
1962,377540,1522357200
1963,398923,1522360800
1964,437515,1522371600
1965,451770,1522382400
1966,460329,1522386000
1967,473446,1522393200
1968,480666,1522400400
1969,486855,1522404000
1970,489037,1522407600
1971,492260,1522414800
1972,494473,1522418400
1973,500751,1522422000
1974,506355,1522429200
1975,520571,1522436400
1976,528330,1522440000
1977,542692,1522447200
1978,563420,1522454400
1979,569146,1522465200
1980,579916,1522468800
1981,584761,1522476000
1982,594239,1522479600
1983,597406,1522486800
1984,601921,1522490400
1985,603122,1522497600
1986,604963,1522501200
1987,609652,1522508400
1988,612894,1522519200
1989,622152,1522522800
1990,627603,1522526400
1991,638144,1522533600
1992,643714,1522540800
1993,668480,1522551600
1994,673173,1522562400
1995,689227,1522576800
1996,690910,1522584000
1997,697350,1522594800
1998,700141,1522605600
1999,711306,1522616400
2000,723360,1522627200
2001,743907,1522638000
2002,747676,1522648800
2003,759214,1522663200
2004,758395,1522670400
2005,759804,1522681200
2006,761646,1522692000
2007,774353,1522702800
2008,790016,1522713600
2009,813280,1522724400
2010,817662,1522735200
2011,831099,1522749600
2012,831348,1522756800
2013,830867,1522767600
2014,833754,1522778400
2015,841098,1522789200
2016,861817,1522800000
2017,871929,1522810800
2018,880150,1522821600
2019,883710,1522836000
2020,881817,1522843200
2021,881331,1522854000
2022,888748,1522864800
2023,901143,1522875600
2024,912869,1522886400
2025,920470,1522897200
2026,927496,1522908000
2027,927502,1522922400
2028,926622,1522929600
2029,923375,1522940400
2030,928225,1522951200
2031,938940,1522962000
2032,951000,1522972800
2033,957232,1522983600
2034,965147,1522994400
2035,963129,1523008800
2036,958199,1523019600
2037,954838,1523030400
2038,960209,1523041200
2039,970070,1523052000
2040,124234,1523062800
2041,152277,1523070000
2042,167478,1523073600
2043,191902,1523077200
2044,204018,1523084400
2045,218753,1523091600
2046,225969,1523095200
2047,234539,1523098800
2048,239506,1523106000
2049,248198,1523113200
2050,256686,1523116800
2051,275458,1523120400
2052,287746,1523127600
2053,310826,1523134800
2054,322937,1523138400
2055,344070,1523142000
2056,355103,1523149200
2057,373646,1523156400
2058,383276,1523160000
2059,399439,1523163600
2060,407072,1523170800
2061,420585,1523178000
2062,424915,1523185200
2063,426980,1523192400
2064,431303,1523199600
2065,435459,1523203200
2066,446781,1523206800
2067,454539,1523214000
2068,469857,1523217600
2069,478246,1523224800
2070,494538,1523228400
2071,502620,1523235600
2072,518532,1523242800
2073,526584,1523246400
2074,542333,1523250000
2075,548680,1523253600
2076,556525,1523264400
2077,559781,1523268000
2078,563033,1523275200
2079,564690,1523278800
2080,568762,1523286000
2081,572797,1523289600
2082,585424,1523296800
2083,593705,1523300400
2084,610629,1523304000
2085,619683,1523311200
2086,635847,1523318400
2087,643570,1523322000
2088,657350,1523329200
2089,677793,1523340000
2090,692042,1523354400
2091,694865,1523365200
2092,700355,1523376000
2093,716098,1523386800
2094,728973,1523397600
2095,751508,1523408400
2096,764996,1523419200
2097,777209,1523430000
2098,781827,1523444400
2099,782121,1523455200
2100,97157,1523466000
2101,127975,1523469600
2102,147818,1523473200
2103,182520,1523476800
2104,218215,1523491200
2105,228702,1523494800
2106,266377,1523502000
2107,283077,1523505600
2108,308224,1523509200
2109,319105,1523516400
2110,331571,1523523600
2111,336780,1523527200
2112,342849,1523534400
2113,346762,1523541600
2114,353520,1523545200
2115,360396,1523548800
2116,377481,1523556000
2117,387955,1523559600
2118,418777,1523566800
2119,437714,1523574000
2120,446313,1523581200
2121,461422,1523588400
2122,468431,1523592000
2123,482678,1523595600
2124,488049,1523602800
2125,495090,1523610000
2126,496929,1523613600
2127,499440,1523617200
2128,499982,1523624400
2129,503866,1523631600
2130,507300,1523635200
2131,519612,1523642400
2132,526712,1523646000
2133,541487,1523653200
2134,548766,1523656800
2135,562947,1523660400
2136,568910,1523667600
2137,579717,1523671200
2138,584018,1523678400
2139,593536,1523685600
2140,596540,1523689200
2141,601749,1523696400
2142,602421,1523700000
2143,603745,1523703600
2144,603617,1523710800
2145,605572,1523718000
2146,607529,1523721600
2147,615550,1523725200
2148,631285,1523736000
2149,647513,1523746800
2150,652596,1523757600
2151,676831,1523768400
2152,686244,1523782800
2153,689188,1523793600
2154,690728,1523804400
2155,698276,1523815200
2156,710837,1523826000
2157,724835,1523836800
2158,737966,1523847600
2159,750153,1523858400
2160,754593,1523872800
2161,752202,1523883600
2162,752468,1523894400
2163,763523,1523905200
2164,779512,1523916000
2165,794974,1523926800
2166,807906,1523937600
2167,818875,1523948400
2168,820485,1523962800
2169,815748,1523973600
2170,820497,1523984400
2171,831064,1523995200
2172,850496,1524016800
2173,859684,1524027600
2174,863472,1524042000
2175,863260,1524052800
2176,862065,1524063600
2177,867452,1524074400
2178,876674,1524085200
2179,884199,1524096000
2180,892451,1524106800
2181,897885,1524117600
2182,897468,1524132000
2183,894564,1524142800
2184,895262,1524153600
2185,903092,1524164400
2186,912119,1524175200
2187,917749,1524186000
2188,923068,1524196800
2189,926503,1524207600
2190,920412,1524222000
2191,917267,1524232800
2192,922337,1524243600
2193,931341,1524254400
2194,937506,1524265200
2195,937288,1524276000
2196,939243,1524286800
2197,935619,1524301200
2198,927741,1524312000
2199,921025,1524322800
2200,922648,1524333600
2201,931864,1524355200
2202,930390,1524376800
2203,914799,1524402000
2204,912538,1524423600
2205,922683,1524445200
2206,927773,1524466800
2207,911573,1524492000
2208,921025,1524513600
2209,935590,1524535200
2210,932842,1524560400
2211,922515,1524582000
2212,930839,1524603600
2213,946101,1524625200
2214,944939,1524650400
2215,933150,1524672000
2216,945746,1524693600
2217,961034,1524715200
2218,960780,1524740400
2219,956873,1524762000
2220,963964,1524783600
2221,978506,1524805200
2222,977220,1524830400
2223,971854,1524852000
2224,983323,1524873600
2225,990637,1524895200
2226,976390,1524920400
2227,969018,1524942000
2228,973460,1524963600
2229,978856,1524985200
2230,962466,1525010400
2231,955441,1525032000
2232,967460,1525053600
2233,970426,1525082400
2234,956300,1525100400
2235,964624,1525122000
2236,976515,1525143600
2237,978969,1525168800
2238,966669,1525190400
2239,975484,1525212000
2240,987273,1525233600
2241,991160,1525258800
2242,983052,1525280400
2243,994507,1525302000
2244,1004902,1525323600
2245,1002411,1525348800
2246,999762,1525370400
2247,1011056,1525392000
2248,1022791,1525413600
2249,1016384,1525442400
2250,1023168,1525464000
2251,1029336,1525485600
2252,1029867,1525510800
2253,1020553,1525532400
2254,1016136,1525554000
2255,1018568,1525575600
2256,1014305,1525604400
2257,1003520,1525626000
2258,1004760,1525647600
2259,1008331,1525669200
2260,1002114,1525694400
2261,1000309,1525716000
2262,1007954,1525737600
2263,1016379,1525759200
2264,1009465,1525784400
2265,1004804,1525806000
2266,1015834,1525827600
2267,1021315,1525849200
2268,1011478,1525874400
2269,1012408,1525896000
2270,124816,1525917600
2271,172617,1525921200
2272,190920,1525928400
2273,217004,1525935600
2274,239974,1525942800
2275,246290,1525950000
2276,253715,1525953600
2277,260400,1525960800
2278,274445,1525964400
2279,286628,1525968000
2280,311426,1525975200
2281,325787,1525982400
2282,350367,1525986000
2283,363249,1525993200
2284,384023,1525996800
2285,394787,1526004000
2286,411683,1526007600
2287,421468,1526011200
2288,436558,1526022000
2289,449532,1526029200
2290,452437,1526036400
2291,456072,1526040000
2292,458939,1526047200
2293,474146,1526054400
2294,489957,1526061600
2295,498387,1526068800
2296,514598,1526076000
2297,522694,1526079600
2298,536821,1526086800
2299,542974,1526090400
2300,559690,1526097600
2301,569191,1526104800
2302,577548,1526115600
2303,579322,1526122800
2304,581622,1526126400
2305,583352,1526133600
2306,588674,1526137200
2307,593165,1526144400
2308,603906,1526148000
2309,610187,1526155200
2310,621649,1526158800
2311,628072,1526166000
2312,638912,1526169600
2313,644665,1526176800
2314,659903,1526187600
2315,675941,1526202000
2316,679241,1526212800
2317,683919,1526223600
2318,694049,1526234400
2319,706295,1526245200
2320,719111,1526256000
2321,722690,1526266800
2322,743887,1526277600
2323,748066,1526295600
2324,747857,1526306400
2325,753046,1526317200
2326,767660,1526328000
2327,784478,1526338800
2328,799133,1526349600
2329,812381,1526360400
2330,825216,1526378400
2331,825503,1526389200
2332,827330,1526400000
2333,837267,1526410800
2334,840983,1526421600
2335,860343,1526432400
2336,869530,1526443200
2337,877340,1526454000
2338,876815,1526472000
2339,877979,1526482800
2340,888766,1526493600
2341,901572,1526504400
2342,912390,1526515200
2343,913805,1526526000
2344,925933,1526536800
2345,925609,1526551200
2346,919295,1526562000
2347,920402,1526572800
2348,928438,1526583600
2349,939292,1526594400
2350,952227,1526605200
2351,957266,1526616000
2352,961852,1526626800
2353,956674,1526644800
2354,954113,1526655600
2355,953736,1526666400
2356,966907,1526677200
2357,975132,1526688000
2358,979967,1526698800
2359,982142,1526709600
2360,977958,1526724000
2361,970379,1526731200
2362,963939,1526742000
2363,961458,1526752800
2364,965507,1526763600
2365,965620,1526774400
2366,973430,1526785200
2367,966682,1526810400
2368,952913,1526832000
2369,955138,1526853600
2370,964238,1526875200
2371,962034,1526896800
2372,951816,1526918400
2373,958827,1526940000
2374,970350,1526961600
2375,968956,1526986800
2376,958527,1527008400
2377,971669,1527030000
2378,978266,1527051600
2379,974153,1527076800
2380,971692,1527098400
2381,982612,1527120000
2382,991326,1527141600
2383,986226,1527166800
2384,986493,1527188400
2385,996797,1527210000
2386,1004094,1527231600
2387,997301,1527256800
2388,1000351,1527278400
2389,1007276,1527300000
2390,1009937,1527328800
2391,998138,1527350400
2392,997513,1527372000
2393,996995,1527393600
2394,993106,1527418800
2395,981442,1527440400
2396,980464,1527462000
2397,982093,1527483600
2398,975253,1527508800
2399,970534,1527530400
2400,974226,1527552000
2401,979384,1527573600
2402,972868,1527595200
2403,970352,1527616800
2404,979449,1527638400
2405,979866,1527681600
2406,979499,1527703200
2407,989287,1527724800
2408,997253,1527746400
2409,992450,1527771600
2410,995925,1527793200
2411,1008831,1527814800
2412,164347,1527836400
2413,190599,1527843600
2414,200436,1527850800
2415,206965,1527858000
2416,219372,1527861600
2417,230877,1527868800
2418,255948,1527872400
2419,272467,1527879600
2420,293336,1527883200
2421,338192,1527894000
2422,352430,1527901200
2423,371479,1527904800
2424,381732,1527908400
2425,397766,1527915600
2426,405617,1527922800
2427,419833,1527930000
2428,424609,1527937200
2429,428257,1527948000
2430,437797,1527951600
2431,450250,1527958800
2432,458439,1527966000
2433,473978,1527969600
2434,482010,1527976800
2435,496859,1527980400
2436,504491,1527987600
2437,517336,1527991200
2438,524245,1527994800
2439,536684,1528002000
2440,550025,1528016400
2441,552871,1528020000
2442,556496,1528023600
2443,558325,1528030800
2444,562256,1528034400
2445,565989,1528041600
2446,575895,1528045200
2447,582277,1528052400
2448,595000,1528059600
2449,602017,1528063200
2450,615685,1528070400
2451,622813,1528074000
2452,635830,1528077600
2453,642883,1528081200
2454,656237,1528088400
2455,661684,1528095600
2456,668626,1528106400
2457,673032,1528113600
2458,676793,1528124400
2459,690199,1528135200
2460,710679,1528146000
2461,730357,1528156800
2462,751095,1528167600
2463,761758,1528178400
2464,770432,1528192800
2465,771076,1528203600
2466,774797,1528214400
2467,787431,1528225200
2468,798875,1528236000
2469,819025,1528246800
2470,833560,1528257600
2471,846779,1528268400
2472,854471,1528282800
2473,855677,1528293600
2474,864044,1528304400
2475,876172,1528315200
2476,886862,1528326000
2477,891458,1528336800
2478,904187,1528347600
2479,908671,1528362000
2480,908997,1528372800
2481,908892,1528383600
2482,920314,1528394400
2483,929427,1528405200
2484,940595,1528416000
2485,947902,1528426800
2486,954377,1528437600
2487,953428,1528452000
2488,951586,1528459200
2489,947450,1528470000
2490,950800,1528480800
2491,959169,1528491600
2492,968797,1528502400
2493,975151,1528513200
2494,976243,1528524000
2495,972133,1528538400
2496,964853,1528549200
2497,959395,1528560000
2498,959438,1528570800
2499,963142,1528581600
2500,968267,1528592400
2501,972719,1528603200
2502,974420,1528614000
2503,966389,1528628400
2504,959471,1528639200
2505,98934,1528650000
2506,115957,1528657200
2507,146752,1528660800
2508,164224,1528664400
2509,194265,1528671600
2510,210404,1528678800
2511,237896,1528682400
2512,253700,1528689600
2513,279806,1528693200
2514,291710,1528700400
2515,306337,1528707600
2516,313660,1528711200
2517,319384,1528714800
2518,323303,1528722000
2519,331516,1528725600
2520,339079,1528732800
2521,356635,1528736400
2522,369993,1528743600
2523,392824,1528747200
2524,405463,1528750800
2525,428586,1528761600
2526,439120,1528765200
2527,457508,1528768800
2528,467480,1528776000
2529,484911,1528779600
2530,492389,1528786800
2531,501677,1528794000
2532,504460,1528797600
2533,507724,1528804800
2534,509282,1528808400
2535,513860,1528815600
2536,518062,1528819200
2537,531784,1528822800
2538,539700,1528830000
2539,556809,1528833600
2540,579369,1528844400
2541,586772,1528851600
2542,602039,1528858800
2543,609943,1528862400
2544,622772,1528866000
2545,628354,1528873200
2546,636764,1528884000
2547,638902,1528887600
2548,639444,1528891200
2549,642619,1528898400
2550,645791,1528905600
2551,656802,1528909200
2552,674616,1528920000
2553,120448,1528930800
2554,138721,1528934400
2555,169368,1528945200
2556,184520,1528948800
2557,211822,1528952400
2558,225374,1528959600
2559,240770,1528966800
2560,246764,1528970400
2561,253628,1528974000
2562,258082,1528977600
2563,267062,1528984800
2564,275712,1528992000
2565,296454,1528995600
2566,309321,1528999200
2567,95777,1529006400
2568,107326,1529013600
2569,147898,1529020800
2570,171795,1529028000
2571,183147,1529035200
2572,204029,1529038800
2573,214221,1529046000
2574,226676,1529053200
2575,229279,1529056800
2576,232974,1529060400
2577,233879,1529067600
2578,239787,1529071200
2579,244879,1529078400
2580,262332,1529085600
2581,271993,1529089200
2582,291254,1529096400
2583,325187,1529110800
2584,338450,1529114400
2585,344946,1529121600
2586,357385,1529125200
2587,362491,1529132400
2588,369705,1529139600
2589,371445,1529143200
2590,374157,1529146800
2591,375216,1529154000
2592,378983,1529157600
2593,382727,1529161200
2594,393537,1529168400
2595,400408,1529175600
2596,414724,1529179200
2597,421782,1529186400
2598,434811,1529190000
2599,440764,1529197200
2600,451163,1529200800
2601,455891,1529204400
2602,465730,1529211600
2603,469417,1529218800
2604,475078,1529226000
2605,475956,1529233200
2606,475546,1529240400
2607,477070,1529244000
2608,478643,1529247600
2609,485563,1529254800
2610,489417,1529262000
2611,499576,1529265600
2612,504592,1529280000
2613,525589,1529290800
2614,539006,1529301600
2615,557123,1529316000
2616,558371,1529323200
2617,560678,1529334000
2618,572602,1529344800
2619,593207,1529355600
2620,614707,1529366400
2621,632071,1529377200
2622,649223,1529388000
2623,661235,1529402400
2624,663121,1529413200
2625,667351,1529424000
2626,680921,1529434800
2627,692113,1529445600
2628,712194,1529456400
2629,723593,1529467200
2630,734442,1529478000
2631,736561,1529492400
2632,736093,1529503200
2633,743975,1529514000
2634,758510,1529524800
2635,774332,1529535600
2636,786597,1529546400
2637,797390,1529557200
2638,802049,1529571600
2639,800373,1529582400
2640,797989,1529593200
2641,802683,1529604000
2642,812149,1529614800
2643,821533,1529625600
2644,145052,1529636400
2645,160325,1529640000
2646,186774,1529643600
2647,199722,1529647200
2648,214536,1529658000
2649,221282,1529661600
2650,229112,1529665200
2651,234295,1529672400
2652,244390,1529676000
2653,253199,1529683200
2654,273497,1529686800
2655,286371,1529694000
2656,309521,1529697600
2657,321991,1529704800
2658,343457,1529708400
2659,353645,1529715600
2660,369820,1529719200
2661,378028,1529726400
2662,392444,1529730000
2663,398862,1529737200
2664,409914,1529748000
2665,412973,1529751600
2666,414281,1529758800
2667,417911,1529762400
2668,421647,1529769600
2669,432629,1529773200
2670,439565,1529780400
2671,453863,1529784000
2672,460831,1529791200
2673,474391,1529794800
2674,480872,1529802000
2675,492940,1529805600
2676,498903,1529812800
2677,510382,1529816400
2678,515280,1529823600
2679,521799,1529830800
2680,524098,1529834400
2681,527023,1529838000
2682,528260,1529845200
2683,531669,1529848800
2684,534754,1529856000
2685,543517,1529859600
2686,548932,1529866800
2687,560605,1529870400
2688,566855,1529877600
2689,579077,1529881200
2690,584903,1529888400
2691,596232,1529892000
2692,602025,1529899200
2693,617680,1529910000
2694,624919,1529924400
2695,626225,1529935200
2696,636767,1529946000
2697,654116,1529956800
2698,672173,1529967600
2699,687311,1529978400
2700,700178,1529989200
2701,708785,1530003600
2702,709963,1530014400
2703,711679,1530025200
2704,722862,1530036000
2705,740185,1530046800
2706,761077,1530057600
2707,770330,1530068400
2708,781993,1530079200
2709,785945,1530093600
2710,783131,1530104400
2711,783700,1530115200
2712,792771,1530126000
2713,804458,1530136800
2714,816968,1530147600
2715,827526,1530158400
2716,837505,1530169200
2717,839836,1530183600
2718,838268,1530194400
2719,842928,1530205200
2720,852254,1530216000
2721,861591,1530226800
2722,867406,1530237600
2723,872846,1530248400
2724,874363,1530266400
2725,873969,1530273600
2726,872641,1530284400
2727,877101,1530295200
2728,884987,1530306000
2729,891175,1530316800
